Workbook

Sheet SKG Wijkkas
C1: Beginsaldo | E1: 0
C2: Mutaties | E2: =SUM(E5:E2000)
C3: Eindsaldo | E3: =SUM(E1:E2)
A4: Jaar rekeningafschrift | B4: Nummer rekeningafschrift | C4: RekeningNummer Rekeninghouder | D4: Datum | E4: Bedrag | F4: Valuta | G4: Rekeningnummer begunstigde | H4: Naam begunstigde | I4: Adres begunstigde | J4: Woonplaats begunstigde | K4: Omschrijving | L4: Kenmerk | M4: EndToEndId | N4: BatchInfoId | O4: MandaatId | P4: FoutCode | Q4: FoutOmschrijving | R4: BankTransactieCode

Sheet SKG Exploitatie
C1: Beginsaldo | E1: 0
C2: Mutaties | E2: =SUM(E5:E2000)
C3: Eindsaldo | E3: =SUM(E1:E2)
A4: Jaar rekeningafschrift | B4: Nummer rekeningafschrift | C4: RekeningNummer Rekeninghouder | D4: Datum | E4: Bedrag | F4: Valuta | G4: Rekeningnummer begunstigde | H4: Naam begunstigde | I4: Adres begunstigde | J4: Woonplaats begunstigde | K4: Omschrijving | L4: Kenmerk | M4: EndToEndId | N4: BatchInfoId | O4: MandaatId | P4: FoutCode | Q4: FoutOmschrijving | R4: BankTransactieCode

Sheet Journaal
A1: JOURNAAL 2026
B4: =IFERROR(VLOOKUP(A4,Grootboekschema!$A$1:$B$129,2,0), "")
B5: =IFERROR(VLOOKUP(A5,Grootboekschema!$A$1:$B$129,2,0), "")
B6: =IFERROR(VLOOKUP(A6,Grootboekschema!$A$1:$B$129,2,0), "")
B7: =IFERROR(VLOOKUP(A7,Grootboekschema!$A$1:$B$129,2,0), "")
B8: =IFERROR(VLOOKUP(A8,Grootboekschema!$A$1:$B$129,2,0), "")
B9: =IFERROR(VLOOKUP(A9,Grootboekschema!$A$1:$B$129,2,0), "")
B10: =IFERROR(VLOOKUP(A10,Grootboekschema!$A$1:$B$129,2,0), "")
B11: =IFERROR(VLOOKUP(A11,Grootboekschema!$A$1:$B$129,2,0), "")
B12: =IFERROR(VLOOKUP(A12,Grootboekschema!$A$1:$B$129,2,0), "")
B13: =IFERROR(VLOOKUP(A13,Grootboekschema!$A$1:$B$129,2,0), "")
B14: =IFERROR(VLOOKUP(A14,Grootboekschema!$A$1:$B$129,2,0), "")
B15: =IFERROR(VLOOKUP(A15,Grootboekschema!$A$1:$B$129,2,0), "")
... B2003: =IFERROR(VLOOKUP(A2003,Grootboekschema!$A$1:$B$129,2,0), "")

Sheet Kolommenbalans
E2: Beginbalans | H2: Mutaties | K2: Proefbalans | N2: V&W | Q2: Eindbalans
A3: Rekening | B3: Naam rekening | D3: Type | E3: Debet | F3: Credit | H3: Debet | I3: Credit | K3: Debet | L3: Credit | N3: Debet | O3: Credit | Q3: Debet | R3: Credit
A4: 50 | B4: =IFERROR(VLOOKUP(A4,Grootboekschema!$A$1:$B$129,2,0), "") | D4: Balans | E4: 0 | F4: 0 | H4: =SUMIF(Journaal!$A$4:$A$2003,A4,Journaal!$E$4:$E$2003) | I4: =SUMIF(Journaal!$A$4:$A$2003,A4,Journaal!$F$4:$F$2003) | K4: =IF((E4-F4+H4-I4)>0,E4-F4+H4-I4,0) | L4: =IF((F4-E4+I4-H4)>0,F4-E4+I4-H4,0) | Q4: =K4 | R4: =L4
A5: 60 | B5: =IFERROR(VLOOKUP(A5,Grootboekschema!$A$1:$B$129,2,0), "") | D5: Balans | E5: 0 | F5: 0 | H5: =SUMIF(Journaal!$A$4:$A$2003,A5,Journaal!$E$4:$E$2003) | I5: =SUMIF(Journaal!$A$4:$A$2003,A5,Journaal!$F$4:$F$2003) | K5: =IF((E5-F5+H5-I5)>0,E5-F5+H5-I5,0) | L5: =IF((F5-E5+I5-H5)>0,F5-E5+I5-H5,0) | Q5: =K5 | R5: =L5
A6: 70 | B6: =IFERROR(VLOOKUP(A6,Grootboekschema!$A$1:$B$129,2,0), "") | D6: Balans | E6: 0 | F6: 0 | H6: =SUMIF(Journaal!$A$4:$A$2003,A6,Journaal!$E$4:$E$2003) | I6: =SUMIF(Journaal!$A$4:$A$2003,A6,Journaal!$F$4:$F$2003) | K6: =IF((E6-F6+H6-I6)>0,E6-F6+H6-I6,0) | L6: =IF((F6-E6+I6-H6)>0,F6-E6+I6-H6,0) | Q6: =K6 | R6: =L6
A7: 71 | B7: =IFERROR(VLOOKUP(A7,Grootboekschema!$A$1:$B$129,2,0), "") | D7: Balans | E7: 0 | F7: 0 | H7: =SUMIF(Journaal!$A$4:$A$2003,A7,Journaal!$E$4:$E$2003) | I7: =SUMIF(Journaal!$A$4:$A$2003,A7,Journaal!$F$4:$F$2003) | K7: =IF((E7-F7+H7-I7)>0,E7-F7+H7-I7,0) | L7: =IF((F7-E7+I7-H7)>0,F7-E7+I7-H7,0) | Q7: =K7 | R7: =L7
A8: 72 | B8: =IFERROR(VLOOKUP(A8,Grootboekschema!$A$1:$B$129,2,0), "") | D8: Balans | E8: 0 | F8: 0 | H8: =SUMIF(Journaal!$A$4:$A$2003,A8,Journaal!$E$4:$E$2003) | I8: =SUMIF(Journaal!$A$4:$A$2003,A8,Journaal!$F$4:$F$2003) | K8: =IF((E8-F8+H8-I8)>0,E8-F8+H8-I8,0) | L8: =IF((F8-E8+I8-H8)>0,F8-E8+I8-H8,0) | Q8: =K8 | R8: =L8
A9: 73 | B9: =IFERROR(VLOOKUP(A9,Grootboekschema!$A$1:$B$129,2,0), "") | D9: Balans | E9: 0 | F9: 0 | H9: =SUMIF(Journaal!$A$4:$A$2003,A9,Journaal!$E$4:$E$2003) | I9: =SUMIF(Journaal!$A$4:$A$2003,A9,Journaal!$F$4:$F$2003) | K9: =IF((E9-F9+H9-I9)>0,E9-F9+H9-I9,0) | L9: =IF((F9-E9+I9-H9)>0,F9-E9+I9-H9,0) | Q9: =K9 | R9: =L9
A10: 100 | B10: =IFERROR(VLOOKUP(A10,Grootboekschema!$A$1:$B$129,2,0), "") | D10: Balans | E10: 0 | F10: 0 | H10: =SUMIF(Journaal!$A$4:$A$2003,A10,Journaal!$E$4:$E$2003) | I10: =SUMIF(Journaal!$A$4:$A$2003,A10,Journaal!$F$4:$F$2003) | K10: =IF((E10-F10+H10-I10)>0,E10-F10+H10-I10,0) | L10: =IF((F10-E10+I10-H10)>0,F10-E10+I10-H10,0) | Q10: =K10 | R10: =L10
A11: 109 | B11: =IFERROR(VLOOKUP(A11,Grootboekschema!$A$1:$B$129,2,0), "") | D11: Balans | E11: 0 | F11: 0 | H11: =SUMIF(Journaal!$A$4:$A$2003,A11,Journaal!$E$4:$E$2003) | I11: =SUMIF(Journaal!$A$4:$A$2003,A11,Journaal!$F$4:$F$2003) | K11: =IF((E11-F11+H11-I11)>0,E11-F11+H11-I11,0) | L11: =IF((F11-E11+I11-H11)>0,F11-E11+I11-H11,0) | Q11: =K11 | R11: =L11
A12: 110 | B12: =IFERROR(VLOOKUP(A12,Grootboekschema!$A$1:$B$129,2,0), "") | D12: Balans | E12: 0 | F12: 0 | H12: =SUMIF(Journaal!$A$4:$A$2003,A12,Journaal!$E$4:$E$2003) | I12: =SUMIF(Journaal!$A$4:$A$2003,A12,Journaal!$F$4:$F$2003) | K12: =IF((E12-F12+H12-I12)>0,E12-F12+H12-I12,0) | L12: =IF((F12-E12+I12-H12)>0,F12-E12+I12-H12,0) | Q12: =K12 | R12: =L12
A13: 120 | B13: =IFERROR(VLOOKUP(A13,Grootboekschema!$A$1:$B$129,2,0), "") | D13: Balans | E13: 0 | F13: 0 | H13: =SUMIF(Journaal!$A$4:$A$2003,A13,Journaal!$E$4:$E$2003) | I13: =SUMIF(Journaal!$A$4:$A$2003,A13,Journaal!$F$4:$F$2003) | K13: =IF((E13-F13+H13-I13)>0,E13-F13+H13-I13,0) | L13: =IF((F13-E13+I13-H13)>0,F13-E13+I13-H13,0) | Q13: =K13 | R13: =L13
A14: 121 | B14: =IFERROR(VLOOKUP(A14,Grootboekschema!$A$1:$B$129,2,0), "") | D14: Balans | E14: 0 | F14: 0 | H14: =SUMIF(Journaal!$A$4:$A$2003,A14,Journaal!$E$4:$E$2003) | I14: =SUMIF(Journaal!$A$4:$A$2003,A14,Journaal!$F$4:$F$2003) | K14: =IF((E14-F14+H14-I14)>0,E14-F14+H14-I14,0) | L14: =IF((F14-E14+I14-H14)>0,F14-E14+I14-H14,0) | Q14: =K14 | R14: =L14
A15: 129 | B15: =IFERROR(VLOOKUP(A15,Grootboekschema!$A$1:$B$129,2,0), "") | D15: Balans | E15: 0 | F15: 0 | H15: =SUMIF(Journaal!$A$4:$A$2003,A15,Journaal!$E$4:$E$2003) | I15: =SUMIF(Journaal!$A$4:$A$2003,A15,Journaal!$F$4:$F$2003) | K15: =IF((E15-F15+H15-I15)>0,E15-F15+H15-I15,0) | L15: =IF((F15-E15+I15-H15)>0,F15-E15+I15-H15,0) | Q15: =K15 | R15: =L15
... A25: 200 | B25: =IFERROR(VLOOKUP(A25,Grootboekschema!$A$1:$B$129,2,0), "") | D25: Balans | E25: 0 | F25: 0 | H25: =SUMIF(Journaal!$A$4:$A$2003,A25,Journaal!$E$4:$E$2003) | I25: =SUMIF(Journaal!$A$4:$A$2003,A25,Journaal!$F$4:$F$2003) | K25: =IF((E25-F25+H25-I25)>0,E25-F25+H25-I25,0) | L25: =IF((F25-E25+I25-H25)>0,F25-E25+I25-H25,0) | Q25: =K25 | R25: =L25
A26: 210 | B26: =IFERROR(VLOOKUP(A26,Grootboekschema!$A$1:$B$129,2,0), "") | D26: V&W | E26: 0 | F26: 0 | H26: =SUMIF(Journaal!$A$4:$A$2003,A26,Journaal!$E$4:$E$2003) | I26: =SUMIF(Journaal!$A$4:$A$2003,A26,Journaal!$F$4:$F$2003) | K26: =IF((E26-F26+H26-I26)>0,E26-F26+H26-I26,0) | L26: =IF((F26-E26+I26-H26)>0,F26-E26+I26-H26,0) | N26: =K26 | O26: =L26
A27: 215 | B27: =IFERROR(VLOOKUP(A27,Grootboekschema!$A$1:$B$129,2,0), "") | D27: V&W | E27: 0 | F27: 0 | H27: =SUMIF(Journaal!$A$4:$A$2003,A27,Journaal!$E$4:$E$2003) | I27: =SUMIF(Journaal!$A$4:$A$2003,A27,Journaal!$F$4:$F$2003) | K27: =IF((E27-F27+H27-I27)>0,E27-F27+H27-I27,0) | L27: =IF((F27-E27+I27-H27)>0,F27-E27+I27-H27,0) | N27: =K27 | O27: =L27
A28: 220 | B28: =IFERROR(VLOOKUP(A28,Grootboekschema!$A$1:$B$129,2,0), "") | D28: V&W | E28: 0 | F28: 0 | H28: =SUMIF(Journaal!$A$4:$A$2003,A28,Journaal!$E$4:$E$2003) | I28: =SUMIF(Journaal!$A$4:$A$2003,A28,Journaal!$F$4:$F$2003) | K28: =IF((E28-F28+H28-I28)>0,E28-F28+H28-I28,0) | L28: =IF((F28-E28+I28-H28)>0,F28-E28+I28-H28,0) | N28: =K28 | O28: =L28
A29: 225 | B29: =IFERROR(VLOOKUP(A29,Grootboekschema!$A$1:$B$129,2,0), "") | D29: Balans | E29: 0 | F29: 0 | H29: =SUMIF(Journaal!$A$4:$A$2003,A29,Journaal!$E$4:$E$2003) | I29: =SUMIF(Journaal!$A$4:$A$2003,A29,Journaal!$F$4:$F$2003) | K29: =IF((E29-F29+H29-I29)>0,E29-F29+H29-I29,0) | L29: =IF((F29-E29+I29-H29)>0,F29-E29+I29-H29,0) | Q29: =K29 | R29: =L29
A30: 265 | B30: =IFERROR(VLOOKUP(A30,Grootboekschema!$A$1:$B$129,2,0), "") | D30: V&W | E30: 0 | F30: 0 | H30: =SUMIF(Journaal!$A$4:$A$2003,A30,Journaal!$E$4:$E$2003) | I30: =SUMIF(Journaal!$A$4:$A$2003,A30,Journaal!$F$4:$F$2003) | K30: =IF((E30-F30+H30-I30)>0,E30-F30+H30-I30,0) | L30: =IF((F30-E30+I30-H30)>0,F30-E30+I30-H30,0) | N30: =K30 | O30: =L30
A31: 290 | B31: =IFERROR(VLOOKUP(A31,Grootboekschema!$A$1:$B$129,2,0), "") | D31: V&W | E31: 0 | F31: 0 | H31: =SUMIF(Journaal!$A$4:$A$2003,A31,Journaal!$E$4:$E$2003) | I31: =SUMIF(Journaal!$A$4:$A$2003,A31,Journaal!$F$4:$F$2003) | K31: =IF((E31-F31+H31-I31)>0,E31-F31+H31-I31,0) | L31: =IF((F31-E31+I31-H31)>0,F31-E31+I31-H31,0) | N31: =K31 | O31: =L31
A32: 293 | B32: =IFERROR(VLOOKUP(A32,Grootboekschema!$A$1:$B$129,2,0), "") | D32: V&W | E32: 0 | F32: 0 | H32: =SUMIF(Journaal!$A$4:$A$2003,A32,Journaal!$E$4:$E$2003) | I32: =SUMIF(Journaal!$A$4:$A$2003,A32,Journaal!$F$4:$F$2003) | K32: =IF((E32-F32+H32-I32)>0,E32-F32+H32-I32,0) | L32: =IF((F32-E32+I32-H32)>0,F32-E32+I32-H32,0) | N32: =K32 | O32: =L32
A33: 300 | B33: =IFERROR(VLOOKUP(A33,Grootboekschema!$A$1:$B$129,2,0), "") | D33: V&W | E33: 0 | F33: 0 | H33: =SUMIF(Journaal!$A$4:$A$2003,A33,Journaal!$E$4:$E$2003) | I33: =SUMIF(Journaal!$A$4:$A$2003,A33,Journaal!$F$4:$F$2003) | K33: =IF((E33-F33+H33-I33)>0,E33-F33+H33-I33,0) | L33: =IF((F33-E33+I33-H33)>0,F33-E33+I33-H33,0) | N33: =K33 | O33: =L33
A34: 301 | B34: =IFERROR(VLOOKUP(A34,Grootboekschema!$A$1:$B$129,2,0), "") | D34: V&W | E34: 0 | F34: 0 | H34: =SUMIF(Journaal!$A$4:$A$2003,A34,Journaal!$E$4:$E$2003) | I34: =SUMIF(Journaal!$A$4:$A$2003,A34,Journaal!$F$4:$F$2003) | K34: =IF((E34-F34+H34-I34)>0,E34-F34+H34-I34,0) | L34: =IF((F34-E34+I34-H34)>0,F34-E34+I34-H34,0) | N34: =K34 | O34: =L34
A35: 302 | B35: =IFERROR(VLOOKUP(A35,Grootboekschema!$A$1:$B$129,2,0), "") | D35: V&W | E35: 0 | F35: 0 | H35: =SUMIF(Journaal!$A$4:$A$2003,A35,Journaal!$E$4:$E$2003) | I35: =SUMIF(Journaal!$A$4:$A$2003,A35,Journaal!$F$4:$F$2003) | K35: =IF((E35-F35+H35-I35)>0,E35-F35+H35-I35,0) | L35: =IF((F35-E35+I35-H35)>0,F35-E35+I35-H35,0) | N35: =K35 | O35: =L35
A36: 303 | B36: =IFERROR(VLOOKUP(A36,Grootboekschema!$A$1:$B$129,2,0), "") | D36: V&W | E36: 0 | F36: 0 | H36: =SUMIF(Journaal!$A$4:$A$2003,A36,Journaal!$E$4:$E$2003) | I36: =SUMIF(Journaal!$A$4:$A$2003,A36,Journaal!$F$4:$F$2003) | K36: =IF((E36-F36+H36-I36)>0,E36-F36+H36-I36,0) | L36: =IF((F36-E36+I36-H36)>0,F36-E36+I36-H36,0) | N36: =K36 | O36: =L36
A37: 304 | B37: =IFERROR(VLOOKUP(A37,Grootboekschema!$A$1:$B$129,2,0), "") | D37: V&W | E37: 0 | F37: 0 | H37: =SUMIF(Journaal!$A$4:$A$2003,A37,Journaal!$E$4:$E$2003) | I37: =SUMIF(Journaal!$A$4:$A$2003,A37,Journaal!$F$4:$F$2003) | K37: =IF((E37-F37+H37-I37)>0,E37-F37+H37-I37,0) | L37: =IF((F37-E37+I37-H37)>0,F37-E37+I37-H37,0) | N37: =K37 | O37: =L37
A38: 305 | B38: =IFERROR(VLOOKUP(A38,Grootboekschema!$A$1:$B$129,2,0), "") | D38: V&W | E38: 0 | F38: 0 | H38: =SUMIF(Journaal!$A$4:$A$2003,A38,Journaal!$E$4:$E$2003) | I38: =SUMIF(Journaal!$A$4:$A$2003,A38,Journaal!$F$4:$F$2003) | K38: =IF((E38-F38+H38-I38)>0,E38-F38+H38-I38,0) | L38: =IF((F38-E38+I38-H38)>0,F38-E38+I38-H38,0) | N38: =K38 | O38: =L38
A39: 307 | B39: =IFERROR(VLOOKUP(A39,Grootboekschema!$A$1:$B$129,2,0), "") | D39: V&W | E39: 0 | F39: 0 | H39: =SUMIF(Journaal!$A$4:$A$2003,A39,Journaal!$E$4:$E$2003) | I39: =SUMIF(Journaal!$A$4:$A$2003,A39,Journaal!$F$4:$F$2003) | K39: =IF((E39-F39+H39-I39)>0,E39-F39+H39-I39,0) | L39: =IF((F39-E39+I39-H39)>0,F39-E39+I39-H39,0) | N39: =K39 | O39: =L39
A40: 309 | B40: =IFERROR(VLOOKUP(A40,Grootboekschema!$A$1:$B$129,2,0), "") | D40: V&W | E40: 0 | F40: 0 | H40: =SUMIF(Journaal!$A$4:$A$2003,A40,Journaal!$E$4:$E$2003) | I40: =SUMIF(Journaal!$A$4:$A$2003,A40,Journaal!$F$4:$F$2003) | K40: =IF((E40-F40+H40-I40)>0,E40-F40+H40-I40,0) | L40: =IF((F40-E40+I40-H40)>0,F40-E40+I40-H40,0) | N40: =K40 | O40: =L40
A41: 311 | B41: =IFERROR(VLOOKUP(A41,Grootboekschema!$A$1:$B$129,2,0), "") | D41: V&W | E41: 0 | F41: 0 | H41: =SUMIF(Journaal!$A$4:$A$2003,A41,Journaal!$E$4:$E$2003) | I41: =SUMIF(Journaal!$A$4:$A$2003,A41,Journaal!$F$4:$F$2003) | K41: =IF((E41-F41+H41-I41)>0,E41-F41+H41-I41,0) | L41: =IF((F41-E41+I41-H41)>0,F41-E41+I41-H41,0) | N41: =K41 | O41: =L41
... A88: 600 | B88: =IFERROR(VLOOKUP(A88,Grootboekschema!$A$1:$B$129,2,0), "") | D88: V&W | E88: 0 | F88: 0 | H88: =SUMIF(Journaal!$A$4:$A$2003,A88,Journaal!$E$4:$E$2003) | I88: =SUMIF(Journaal!$A$4:$A$2003,A88,Journaal!$F$4:$F$2003) | K88: =IF((E88-F88+H88-I88)>0,E88-F88+H88-I88,0) | L88: =IF((F88-E88+I88-H88)>0,F88-E88+I88-H88,0) | N88: =K88 | O88: =L88
D89: Totaal | E89: =SUM(E4:E88) | F89: =SUM(F4:F88) | H89: =SUM(H4:H88) | I89: =SUM(I4:I88) | K89: =SUM(K4:K88) | L89: =SUM(L4:L88) | N89: =SUM(N4:N88) | O89: =SUM(O4:O88) | Q89: =SUM(Q4:Q88) | R89: =SUM(R4:R88)

Sheet Jaarcijfers
B2: Balanspositie | G2: Boekhouding De Lichtbron - kengetallen 2026

Sheet Kas
A2: Kasmutaties 2026
B3: Totaal | C3: Buffet | D3: Buffet | E3: Kruispstn | G3: Saldo
B4: Kas mutatie | C4: kas ontv. | D4: inkopen | G4: Kas
B5: #121 | C5: #411 | D5: #450 | E5: #199 | G5: #121
B6: Dt./Cr. | C6: Cr. | D6: Dt. | E6: Dt./Cr.
A7: Januari | B7: =C7-D7+E7 | C7: 131.8 | G7: =G6+B7 | I7: Wordt overgenomen uit de maandoverzichten in Exploitatie/koster
A8: Februari | B8: =C8-D8+E8 | G8: =G7+B8 | I8: Vraag: waarom hier ook alle details?
A9: Maart | B9: =C9-D9+E9 | G9: =G8+B9 | I9: Vraag: Kruisposten?
A10: April | B10: =C10-D10+E10 | G10: =G9+B10
A11: Mei | B11: =C11-D11+E11 | G11: =G10+B11
A12: Juni | B12: =C12-D12+E12 | G12: =G11+B12
A13: Juli | B13: =C13-D13+E13 | G13: =G12+B13
A14: Augustus | B14: =C14-D14+E14 | G14: =G13+B14
A15: September | B15: =C15-D15+E15 | G15: =G14+B15
A16: Oktober | B16: =C16-D16+E16 | G16: =G15+B16
A17: November | B17: =C17-D17+E17 | G17: =G16+B17
A18: December | B18: =C18-D18+E18 | G18: =G17+B18
A19: Totaal (op rek.) | B19: =SUM(B7:B18) | C19: =SUM(C7:C18) | D19: =SUM(D7:D18) | E19: =SUM(E7:E18)

Sheet Verhuur en Buffet
B1: Facturen via JORTT 2026:
C2: Totaal | D2: Huur | E2: Buffet
C3: Debiteuren | D3: op rek. | E3: op rek.
C4: #140 | D4: #400 | E4: #410
C5: Dt. | D5: Cr. | E5: Cr.
B6: Januari | C6: =SUM(D6:E6) | D6: 2784 | E6: 1312 | G6: Deze bedragen overnemen uit Debiteuren sheet
B7: Februari | C7: =SUM(D7:E7) | G7: Als we deze sheets samenvoegen dan kan dit veel eenvoudiger
B8: Maart | C8: =SUM(D8:E8)
B9: April | C9: =SUM(D9:E9)
B10: Mei | C10: =SUM(D10:E10)
B11: Juni | C11: =SUM(D11:E11)
B12: Juli | C12: =SUM(D12:E12)
B13: Augustus | C13: =SUM(D13:E13)
B14: September | C14: =SUM(D14:E14)
B15: Oktober | C15: =SUM(D15:E15)
B16: November | C16: =SUM(D16:E16)
B17: December | C17: =SUM(D17:E17)
B18: Totaal (op rekening) | C18: =SUM(C6:C17) | D18: =SUM(D6:D17) | E18: =SUM(E6:E17)

Sheet Grootboekschema
A1: 10 | B1: Vaste activa
A2: 30 | B2: Algemene kosten
A3: 31 | B3: Kosten eredienst
A4: 32 | B4: Kosten gemeenteactiviteiten
A5: 33 | B5: Kosten ouderenwerk
A6: 34 | B6: Kosten jongerenwerk
A7: 36 | B7: Overige kosten
A8: 50 | B8: Algemene wijkreserve
A9: 60 | B9: Wijkfonds
A10: 70 | B10: Wijkreserve Bestemd
A11: 71 | B11: Reservering Regenboogfonds
A12: 72 | B12: Reservering Jongerenreis Bovenwijks
... A129: 600 | B129: Kosten parkeervoorziening
